Vote Id,Order,,Date,Title,Procedure,Leg/NonLeg,Type of Vote,Rule,Rapporteur,Link,Committee,Policy Area,Part no,Subject,Am no,Author,RCV,Result,Yaes,Nays,Abstentions,Excluded
1,1,1,15/09/2004,EU-Mauritius fishing agreement,CNS *,Leg,Amended proposal for a Council regulation,s,Morillon Philippe,http://www.europarl.europa.eu/sides/getDoc.do?language=EN&type=PV&reference=20040915&secondRef=TOC,PECH,Fisheries,,vote: amended proposal,,0,RCV,+,405,63,73,0
2,1,2,15/09/2004,EU-Mauritius fishing agreement,CNS *,Leg,Legislative resolution for a Council regulation,s,Morillon Philippe,http://www.europarl.europa.eu/sides/getDoc.do?language=EN&type=PV&reference=20040915&secondRef=TOC,PECH,Fisheries,,vote: legislative resolution,,0,RCV,+,415,56,67,0
3,1,1,15/09/2004,EU-Madagascar Fishing agreement,CNS *,Leg,Amended proposal for a Council regulation,s,Morillon Philippe,http://www.europarl.europa.eu/sides/getDoc.do?language=EN&type=PV&reference=20040915&secondRef=TOC,PECH,Fisheries,,vote: amended proposal,,0,RCV,+,504,79,84,0
4,1,2,15/09/2004,EU-Madagascar Fishing agreement,CNS *,Leg,Legislative resolution for a Council regulation,s,Morillon Philippe,http://www.europarl.europa.eu/sides/getDoc.do?language=EN&type=PV&reference=20040915&secondRef=TOC,PECH,Fisheries,,vote: legislative  resolution,,0,RCV,+,507,68,86,0
5,1,1,15/09/2004,EU-Cape Verde Fishing agreement,CNS *,Leg,Amended proposal for a Council regulation,s,Morillon Philippe,http://www.europarl.europa.eu/sides/getDoc.do?language=EN&type=PV&reference=20040915&secondRef=TOC,PECH,Fisheries,,vote: amended proposal,,0,RCV,+,495,74,104,0
6,1,2,15/09/2004,EU-Cape Verde Fishing agreement,CNS *,Leg,Legislative resolution for a Council regulation,s,Morillon Philippe,http://www.europarl.europa.eu/sides/getDoc.do?language=EN&type=PV&reference=20040915&secondRef=TOC,PECH,Fisheries,,vote: legislative resolution,,0,RCV,+,490,71,109,0
7,2,1,16/09/2004,International Civil Aviation Organization (ICAO),RSP,Non,Joint motion for a resolution (as a whole),s,0,http://www.europarl.europa.eu/sides/getDoc.do?type=PV&reference=20040916&secondRef=TOC&language=EN,0,Transport & tourism,,vote: resolution (as a whole),,0,RCV,+,316,20,206,0
8,2,1,16/09/2004,Situation in Belarus,RSP,Non,Joint motion for a resolution (as a whole),s,0,http://www.europarl.europa.eu/sides/getDoc.do?type=PV&reference=20040916&secondRef=TOC&language=EN,0,Foreign & security policy,,vote: resolution (as a whole),,0,RCV,+,499,20,26,0
9,2,1,16/09/2004,Sudan,RSP,Non,Motion for a resolution (as a whole),s,0,http://www.europarl.europa.eu/sides/getDoc.do?type=PV&reference=20040916&secondRef=TOC&language=EN,DEVE,Development,,vote: resolution (as a whole),,0,RCV,+,566,6,16,0
10,2,1,16/09/2004,Situation in Iraq,RSP,Non,Joint motion for a resolution,s,0,http://www.europarl.europa.eu/sides/getDoc.do?type=PV&reference=20040916&secondRef=TOC&language=EN,0,Foreign & security policy,,before § 1,3,GUE/NGL,RCV,-,114,315,155,0
11,2,2,16/09/2004,Situation in Iraq,RSP,Non,Joint motion for a resolution,s,0,http://www.europarl.europa.eu/sides/getDoc.do?type=PV&reference=20040916&secondRef=TOC&language=EN,0,Foreign & security policy,,before § 2,4,GUE/NGL,RCV,-,54,372,174,0
12,2,3,16/09/2004,Situation in Iraq,RSP,Non,Joint motion for a resolution,s,0,http://www.europarl.europa.eu/sides/getDoc.do?type=PV&reference=20040916&secondRef=TOC&language=EN,0,Foreign & security policy,,before § 3,2,Verts/ALE,RCV,-,89,328,174,0
13,2,4,16/09/2004,Situation in Iraq,RSP,Non,Joint motion for a resolution (oral amendment),s,0,http://www.europarl.europa.eu/sides/getDoc.do?type=PV&reference=20040916&secondRef=TOC&language=EN,0,Foreign & security policy,,§ 2,,0,RCV,+,567,7,21,0
14,2,5,16/09/2004,Situation in Iraq,RSP,Non,Joint motion for a resolution,s,0,http://www.europarl.europa.eu/sides/getDoc.do?type=PV&reference=20040916&secondRef=TOC&language=EN,0,Foreign & security policy,,after rec A,1,Verts/ALE,RCV,-,138,280,176,0
15,2,6,16/09/2004,Situation in Iraq,RSP,Non,Joint motion for a resolution (as a whole),s,0,http://www.europarl.europa.eu/sides/getDoc.do?type=PV&reference=20040916&secondRef=TOC&language=EN,0,Foreign & security policy,,vote: resolution (as a whole),,0,RCV,+,533,43,26,0
16,2,1,16/09/2004,CITES Convention,RSP,Non,Motion for a resolution,s,0,http://www.europarl.europa.eu/sides/getDoc.do?type=PV&reference=20040916&secondRef=TOC&language=EN,0,Foreign & security policy,,§ 3,,0,RCV,+,504,29,45,0
17,2,2,16/09/2004,CITES Convention,RSP,Non,Motion for a resolution (as a whole),s,0,http://www.europarl.europa.eu/sides/getDoc.do?type=PV&reference=20040916&secondRef=TOC&language=EN,0,Foreign & security policy,,vote: resolution (as a whole),,0,RCV,+,542,15,15,0
18,2,1,16/09/2004,Maldives,RSP,Non,Joint motion for a resolution (as a whole),s,0,http://www.europarl.europa.eu/sides/getDoc.do?type=PV&reference=20040916&secondRef=TOC&language=EN,0,Foreign & security policy,,vote: resolution (as a whole),,0,RCV,+,153,0,7,0
19,3,1,14/10/2004,Information and promotion measures for agricultural products,CNS *,Leg,Proposal for a Council regulation,s,Joseph Daul,http://www.europarl.europa.eu/sides/getDoc.do?type=PV&reference=20041014&secondRef=TOC&language=EN,AGRI,Agriculture,,single vote,,0,RCV,+,568,17,10,0
20,3,1,14/10/2004,Ratification procedures of the Treaty establishing a Constitution for Europe and the communication strategy ,RSP,Non,Motion for a resolution,s,0,http://www.europarl.europa.eu/sides/getDoc.do?type=PV&reference=20041014&secondRef=TOC&language=EN,AFCO,Constitutional and inter-institutional affairs,,§ 2,§,0,RCV,+,447,107,54,0
21,3,2,14/10/2004,Ratification procedures of the Treaty establishing a Constitution for Europe and the communication strategy ,RSP,Non,Motion for a resolution,s,0,http://www.europarl.europa.eu/sides/getDoc.do?type=PV&reference=20041014&secondRef=TOC&language=EN,AFCO,Constitutional and inter-institutional affairs,,§ 5,11,IND/DEM,RCV,-,133,435,47,0
22,3,3,14/10/2004,Ratification procedures of the Treaty establishing a Constitution for Europe and the communication strategy ,RSP,Non,Motion for a resolution,s,0,http://www.europarl.europa.eu/sides/getDoc.do?type=PV&reference=20041014&secondRef=TOC&language=EN,AFCO,Constitutional and inter-institutional affairs,1,§ 6,§,0,RCV,+,479,110,35,0
23,3,4,14/10/2004,Ratification procedures of the Treaty establishing a Constitution for Europe and the communication strategy ,RSP,Non,Motion for a resolution,s,0,http://www.europarl.europa.eu/sides/getDoc.do?type=PV&reference=20041014&secondRef=TOC&language=EN,AFCO,Constitutional and inter-institutional affairs,2,§ 6,§,0,RCV,+,319,271,31,0
24,3,5,14/10/2004,Ratification procedures of the Treaty establishing a Constitution for Europe and the communication strategy ,RSP,Non,Motion for a resolution,s,0,http://www.europarl.europa.eu/sides/getDoc.do?type=PV&reference=20041014&secondRef=TOC&language=EN,AFCO,Constitutional and inter-institutional affairs,,After § 6,13,IND/DEM,RCV,-,133,453,30,0
25,3,6,14/10/2004,Ratification procedures of the Treaty establishing a Constitution for Europe and the communication strategy ,RSP,Non,Motion for a resolution (as a whole),s,0,http://www.europarl.europa.eu/sides/getDoc.do?type=PV&reference=20041014&secondRef=TOC&language=EN,AFCO,Constitutional and inter-institutional affairs,,vote: resolution (as a whole),,0,RCV,+,449,141,36,0
26,3,1,14/10/2004,"Future of the Area of Freedom, Security and Justice",INI,Non,Proposal for a recommendation,s,Jean-Louis Bourlanges,http://www.europarl.europa.eu/sides/getDoc.do?type=PV&reference=20041014&secondRef=TOC&language=EN,LIBE,"Civil liberties, justice & home affairs",,"§ 2 a), indent 3",4,GUE/NGL,RCV,-,265,324,16,0
27,3,2,14/10/2004,"Future of the Area of Freedom, Security and Justice",INI,Non,Proposal for a recommendation,s,Jean-Louis Bourlanges,http://www.europarl.europa.eu/sides/getDoc.do?type=PV&reference=20041014&secondRef=TOC&language=EN,LIBE,"Civil liberties, justice & home affairs",,§ 2 c),8,GUE/NGL,RCV,-,249,343,19,0
28,3,3,14/10/2004,"Future of the Area of Freedom, Security and Justice",INI,Non,Proposal for a recommendation,s,Jean-Louis Bourlanges,http://www.europarl.europa.eu/sides/getDoc.do?type=PV&reference=20041014&secondRef=TOC&language=EN,LIBE,"Civil liberties, justice & home affairs",,§ 2 after d),9,GUE/NGL,RCV,-,263,345,13,0
29,3,1,14/10/2004,Situation in Georgia,RSP,Non,Joint motion for a resolution,s,0,http://www.europarl.europa.eu/sides/getDoc.do?type=PV&reference=20041014&secondRef=TOC&language=EN,0,Foreign & security policy,,vote: resolution (as a whole),,0,RCV,+,538,31,22,0
30,4,1,26/10/2004,Control of certain diseases affecting bivalve molluscs,CNS *,Leg,Proposal for a directive of the European Parliament and of the Council,s,Giuseppe Gargani,http://www.europarl.europa.eu/sides/getDoc.do?pubRef=-//EP//TEXT+PV+20041026+ITEM-008-02+DOC+XML+V0//EN&language=EN,JURI,Juridical affairs,,single vote,,0,RCV,+,625,12,7,0
31,4,1,26/10/2004,ECB 2003 annual report,INI,Non, Motion for a resolution,s,Alain Lipietz,http://www.europarl.europa.eu/sides/getDoc.do?pubRef=-//EP//TEXT+PV+20041026+ITEM-008-02+DOC+XML+V0//EN&language=EN,ECON,Economics,,§ 6,3,Verts/ALE,RCV,-,267,367,26,0
32,4,2,26/10/2004,ECB 2003 annual report,INI,Non, Motion for a resolution,s,Alain Lipietz,http://www.europarl.europa.eu/sides/getDoc.do?pubRef=-//EP//TEXT+PV+20041026+ITEM-008-02+DOC+XML+V0//EN&language=EN,ECON,Economics,1,§ 6,§,0,RCV,+,412,226,23,0
33,4,3,26/10/2004,ECB 2003 annual report,INI,Non, Motion for a resolution,s,Alain Lipietz,http://www.europarl.europa.eu/sides/getDoc.do?pubRef=-//EP//TEXT+PV+20041026+ITEM-008-02+DOC+XML+V0//EN&language=EN,ECON,Economics,2,§ 6,§,0,RCV,+,371,278,18,0
34,4,4,26/10/2004,ECB 2003 annual report,INI,Non, Motion for a resolution,s,Alain Lipietz,http://www.europarl.europa.eu/sides/getDoc.do?pubRef=-//EP//TEXT+PV+20041026+ITEM-008-02+DOC+XML+V0//EN&language=EN,ECON,Economics,,§ 9,4,Verts/ALE,RCV,-,231,397,38,0
35,4,5,26/10/2004,ECB 2003 annual report,INI,Non, Motion for a resolution,s,Alain Lipietz,http://www.europarl.europa.eu/sides/getDoc.do?pubRef=-//EP//TEXT+PV+20041026+ITEM-008-02+DOC+XML+V0//EN&language=EN,ECON,Economics,,§ 11,6,Verts/ALE,RCV,+,318,280,66,0
36,4,6,26/10/2004,ECB 2003 annual report,INI,Non, Motion for a resolution,s,Alain Lipietz,http://www.europarl.europa.eu/sides/getDoc.do?pubRef=-//EP//TEXT+PV+20041026+ITEM-008-02+DOC+XML+V0//EN&language=EN,ECON,Economics,,After § 21,9,Verts/ALE,RCV,-,228,397,45,0
37,4,7,26/10/2004,ECB 2003 annual report,INI,Non, Motion for a resolution,s,Alain Lipietz,http://www.europarl.europa.eu/sides/getDoc.do?pubRef=-//EP//TEXT+PV+20041026+ITEM-008-02+DOC+XML+V0//EN&language=EN,ECON,Economics,,vote: resolution (as a whole),,0,RCV,+,318,299,45,0
38,5,1,28/10/2004,General budget of the European Union - 2005 financial year,BUD,Bud,General budget of the European Union - 2005 financial year,q,0,http://www.europarl.europa.eu/sides/getDoc.do?language=EN&type=PV&reference=20041028&secondRef=TOC,0,Budget,,05 02 01 01,345,0,RCV,-,121,466,0,0
39,5,2,28/10/2004,General budget of the European Union - 2005 financial year,BUD,Bud,General budget of the European Union - 2005 financial year,q,0,http://www.europarl.europa.eu/sides/getDoc.do?language=EN&type=PV&reference=20041028&secondRef=TOC,0,Budget,,05 02 10 01,461,0,RCV,+,315,205,12,0
40,5,3,28/10/2004,General budget of the European Union - 2005 financial year,BUD,Bud,General budget of the European Union - 2005 financial year,q,0,http://www.europarl.europa.eu/sides/getDoc.do?language=EN&type=PV&reference=20041028&secondRef=TOC,0,Budget,,05 03 02 05,285,0,RCV,-,172,404,28,0
41,5,4,28/10/2004,General budget of the European Union - 2005 financial year,BUD,Bud,General budget of the European Union - 2005 financial year,q,0,http://www.europarl.europa.eu/sides/getDoc.do?language=EN&type=PV&reference=20041028&secondRef=TOC,0,Budget,,05 03 02 13,462,0,RCV,+,510,50,45,0
42,5,5,28/10/2004,General budget of the European Union - 2005 financial year,BUD,Bud,General budget of the European Union - 2005 financial year,q,0,http://www.europarl.europa.eu/sides/getDoc.do?language=EN&type=PV&reference=20041028&secondRef=TOC,0,Budget,,11 02 03,380,0,RCV,-,81,481,13,0
43,5,6,28/10/2004,General budget of the European Union - 2005 financial year,BUD,Bud,General budget of the European Union - 2005 financial year,q,0,http://www.europarl.europa.eu/sides/getDoc.do?language=EN&type=PV&reference=20041028&secondRef=TOC,0,Budget,,13 04,296,0,RCV,-,63,509,8,0
44,5,7,28/10/2004,General budget of the European Union - 2005 financial year,BUD,Bud,General budget of the European Union - 2005 financial year,q,0,http://www.europarl.europa.eu/sides/getDoc.do?language=EN&type=PV&reference=20041028&secondRef=TOC,0,Budget,,01 02 04,469,0,RCV,+,484,120,3,0
45,5,8,28/10/2004,General budget of the European Union - 2005 financial year,BUD,Bud,General budget of the European Union - 2005 financial year,q,0,http://www.europarl.europa.eu/sides/getDoc.do?language=EN&type=PV&reference=20041028&secondRef=TOC,0,Budget,,04 03 03 02,495,0,RCV,-,221,363,5,0
46,5,9,28/10/2004,General budget of the European Union - 2005 financial year,BUD,Bud,General budget of the European Union - 2005 financial year,q,0,http://www.europarl.europa.eu/sides/getDoc.do?language=EN&type=PV&reference=20041028&secondRef=TOC,0,Budget,,04 04 09,377,0,RCV,-,53,516,38,0
47,5,10,28/10/2004,General budget of the European Union - 2005 financial year,BUD,Bud,General budget of the European Union - 2005 financial year,q,0,http://www.europarl.europa.eu/sides/getDoc.do?language=EN&type=PV&reference=20041028&secondRef=TOC,0,Budget,,08 11 01 01,290,0,RCV,-,64,524,6,0
48,5,11,28/10/2004,General budget of the European Union - 2005 financial year,BUD,Bud,General budget of the European Union - 2005 financial year,q,0,http://www.europarl.europa.eu/sides/getDoc.do?language=EN&type=PV&reference=20041028&secondRef=TOC,0,Budget,,14 02 01,292,0,RCV,-,81,511,10,0
49,5,12,28/10/2004,General budget of the European Union - 2005 financial year,BUD,Bud,General budget of the European Union - 2005 financial year,q,0,http://www.europarl.europa.eu/sides/getDoc.do?language=EN&type=PV&reference=20041028&secondRef=TOC,0,Budget,,16 04 02,583,0,RCV,+,473,114,3,0
50,5,13,28/10/2004,General budget of the European Union - 2005 financial year,BUD,Bud,General budget of the European Union - 2005 financial year,q,0,http://www.europarl.europa.eu/sides/getDoc.do?language=EN&type=PV&reference=20041028&secondRef=TOC,0,Budget,,18 03 08,593,0,RCV,+,451,111,7,0
51,5,14,28/10/2004,General budget of the European Union - 2005 financial year,BUD,Bud,General budget of the European Union - 2005 financial year,q,0,http://www.europarl.europa.eu/sides/getDoc.do?language=EN&type=PV&reference=20041028&secondRef=TOC,0,Budget,,18 08 01,600,0,RCV,+,486,114,5,0
52,5,15,28/10/2004,General budget of the European Union - 2005 financial year,BUD,Bud,General budget of the European Union - 2005 financial year,q,0,http://www.europarl.europa.eu/sides/getDoc.do?language=EN&type=PV&reference=20041028&secondRef=TOC,0,Budget,2,18 08 01,159,0,RCV,-,101,498,7,0
53,5,16,28/10/2004,General budget of the European Union - 2005 financial year,BUD,Bud,General budget of the European Union - 2005 financial year,q,0,http://www.europarl.europa.eu/sides/getDoc.do?language=EN&type=PV&reference=20041028&secondRef=TOC,0,Budget,,11 03 01,291,0,RCV,-,126,460,15,0
54,5,17,28/10/2004,General budget of the European Union - 2005 financial year,BUD,Bud,General budget of the European Union - 2005 financial year,q,0,http://www.europarl.europa.eu/sides/getDoc.do?language=EN&type=PV&reference=20041028&secondRef=TOC,0,Budget,,19 08 03,221,0,RCV,+,530,20,17,0
55,5,18,28/10/2004,General budget of the European Union - 2005 financial year,BUD,Bud,General budget of the European Union - 2005 financial year,q,0,http://www.europarl.europa.eu/sides/getDoc.do?language=EN&type=PV&reference=20041028&secondRef=TOC,0,Budget,,22 02 04 01,663,0,RCV,+,485,70,10,0
56,5,19,28/10/2004,General budget of the European Union - 2005 financial year,BUD,Bud,General budget of the European Union - 2005 financial year,q,0,http://www.europarl.europa.eu/sides/getDoc.do?language=EN&type=PV&reference=20041028&secondRef=TOC,0,Budget,,06 01 06,295,0,RCV,-,90,461,21,0
57,5,20,28/10/2004,General budget of the European Union - 2005 financial year,BUD,Bud,General budget of the European Union - 2005 financial year,q,0,http://www.europarl.europa.eu/sides/getDoc.do?language=EN&type=PV&reference=20041028&secondRef=TOC,0,Budget,,15 06 01 03,570,0,RCV,+,455,101,6,0
58,5,21,28/10/2004,General budget of the European Union - 2005 financial year,BUD,Bud,General budget of the European Union - 2005 financial year,q,0,http://www.europarl.europa.eu/sides/getDoc.do?language=EN&type=PV&reference=20041028&secondRef=TOC,0,Budget,1,2723,727,0,RCV,+,438,125,2,0
59,5,22,28/10/2004,General budget of the European Union - 2005 financial year,BUD,Bud,General budget of the European Union - 2005 financial year,q,0,http://www.europarl.europa.eu/sides/getDoc.do?language=EN&type=PV&reference=20041028&secondRef=TOC,0,Budget,2,2723,727,0,RCV,-,237,319,10,0
60,5,23,28/10/2004,General budget of the European Union - 2005 financial year,BUD,Bud,General budget of the European Union - 2005 financial year,q,0,http://www.europarl.europa.eu/sides/getDoc.do?language=EN&type=PV&reference=20041028&secondRef=TOC,0,Budget,,2727,439,0,RCV,+,462,101,14,0
61,5,24,28/10/2004,General budget of the European Union - 2005 financial year,BUD,Bud,General budget of the European Union - 2005 financial year,q,0,http://www.europarl.europa.eu/sides/getDoc.do?language=EN&type=PV&reference=20041028&secondRef=TOC,0,Budget,,11,449,0,RCV,+,493,67,8,0
62,5,25,28/10/2004,General budget of the European Union - 2005 financial year,BUD,Bud,General budget of the European Union - 2005 financial year,q,0,http://www.europarl.europa.eu/sides/getDoc.do?language=EN&type=PV&reference=20041028&secondRef=TOC,0,Budget,,1891,450,0,RCV,+,493,50,9,0
63,5,26,28/10/2004,General budget of the European Union - 2005 financial year,BUD,Bud,General budget of the European Union - 2005 financial year,q,0,http://www.europarl.europa.eu/sides/getDoc.do?language=EN&type=PV&reference=20041028&secondRef=TOC,0,Budget,,11,413,0,RCV,+,487,65,9,0
64,5,27,28/10/2004,General budget of the European Union - 2005 financial year,BUD,Bud,General budget of the European Union - 2005 financial year,q,0,http://www.europarl.europa.eu/sides/getDoc.do?language=EN&type=PV&reference=20041028&secondRef=TOC,0,Budget,,1891,452,0,RCV,+,501,53,5,0
65,5,1,28/10/2004,2005 draft general budget: section III,BUD,Bud,2005 draft general budget: section III,s,Salvador Garriga Polledo,http://www.europarl.europa.eu/sides/getDoc.do?language=EN&type=PV&reference=20041028&secondRef=TOC,BUDG,Budget,,After § 1,3,GUE/NGL,RCV,-,91,375,5,0
66,5,1,28/10/2004,2006 draft general budget: section III,BUD,Bud,2005 draft general budget: section III,s,Salvador Garriga Polledo,http://www.europarl.europa.eu/sides/getDoc.do?language=EN&type=PV&reference=20041028&secondRef=TOC,BUDG,Budget,,After § 1,4,GUE/NGL,RCV,-,36,486,4,0
67,5,1,28/10/2004,2007 draft general budget: section III,BUD,Bud,2005 draft general budget: section III,s,Salvador Garriga Polledo,http://www.europarl.europa.eu/sides/getDoc.do?language=EN&type=PV&reference=20041028&secondRef=TOC,BUDG,Budget,,§ 15,,0,RCV,+,431,86,3,0
68,5,1,28/10/2004,2008 draft general budget: section III,BUD,Bud,2005 draft general budget: section III,s,Salvador Garriga Polledo,http://www.europarl.europa.eu/sides/getDoc.do?language=EN&type=PV&reference=20041028&secondRef=TOC,BUDG,Budget,,§ 18,,0,RCV,+,432,91,5,0
69,5,1,28/10/2004,2009 draft general budget: section III,BUD,Bud,2005 draft general budget: section III,s,Salvador Garriga Polledo,http://www.europarl.europa.eu/sides/getDoc.do?language=EN&type=PV&reference=20041028&secondRef=TOC,BUDG,Budget,,§ 26,5,UEN,RCV,-,256,274,11,0
70,5,1,28/10/2004,2010 draft general budget: section III,BUD,Bud,2005 draft general budget: section III,s,Salvador Garriga Polledo,http://www.europarl.europa.eu/sides/getDoc.do?language=EN&type=PV&reference=20041028&secondRef=TOC,BUDG,Budget,,§ 38,,0,RCV,+,435,92,5,0
71,5,1,28/10/2004,2011 draft general budget: section III,BUD,Bud,2005 draft general budget: section III,s,Salvador Garriga Polledo,http://www.europarl.europa.eu/sides/getDoc.do?language=EN&type=PV&reference=20041028&secondRef=TOC,BUDG,Budget,,After recital A,2,GUE/NGL,RCV,-,79,429,11,0
72,5,1,28/10/2004,2012 draft general budget: section III,BUD,Bud,"2005 draft general budget, resolution (as a whole)",s,Salvador Garriga Polledo,http://www.europarl.europa.eu/sides/getDoc.do?language=EN&type=PV&reference=20041028&secondRef=TOC,BUDG,Budget,,vote: resolution (as a whole),,,RCV,+,439,94,7,0
73,5,1,28/10/2004,2005 draft general budget: other sections,BUD,Bud,2005 draft general budget: other sections,s,Anne Elisabet Jensen,http://www.europarl.europa.eu/sides/getDoc.do?language=EN&type=PV&reference=20041028&secondRef=TOC,BUDG,Budget,,§ 12,,0,RCV,+,435,45,32,0
74,5,1,28/10/2004,2006 draft general budget: other sections,BUD,Bud,2005 draft general budget: other sections,s,Anne Elisabet Jensen,http://www.europarl.europa.eu/sides/getDoc.do?language=EN&type=PV&reference=20041028&secondRef=TOC,BUDG,Budget,,§ 21,,0,RCV,+,424,90,8,0
75,5,1,28/10/2004,2007 draft general budget: other sections,BUD,Bud,2005 draft general budget: other sections,s,Anne Elisabet Jensen,http://www.europarl.europa.eu/sides/getDoc.do?language=EN&type=PV&reference=20041028&secondRef=TOC,BUDG,Budget,,After § 22,1,Verts/ALE,RCV,-,132,366,23,0
76,5,1,28/10/2004,2008 draft general budget: other sections,BUD,Bud,2005 draft general budget: other sections,s,Anne Elisabet Jensen,http://www.europarl.europa.eu/sides/getDoc.do?language=EN&type=PV&reference=20041028&secondRef=TOC,BUDG,Budget,,§ 40,,0,RCV,+,448,70,4,0
77,5,1,28/10/2004,2009 draft general budget: other sections,BUD,Bud,2005 draft general budget: other sections,s,Anne Elisabet Jensen,http://www.europarl.europa.eu/sides/getDoc.do?language=EN&type=PV&reference=20041028&secondRef=TOC,BUDG,Budget,,§ 43,,0,RCV,+,444,65,4,0
78,5,1,28/10/2004,2010 draft general budget: other sections,BUD,Bud,2005 draft general budget: other sections,s,Anne Elisabet Jensen,http://www.europarl.europa.eu/sides/getDoc.do?language=EN&type=PV&reference=20041028&secondRef=TOC,BUDG,Budget,,§ 49,,0,RCV,+,465,57,2,0
79,5,1,28/10/2004,2011 draft general budget: other sections,BUD,Bud,"2005 draft general budget: other sections, resolution (as a whole)",s,Anne Elisabet Jensen,http://www.europarl.europa.eu/sides/getDoc.do?language=EN&type=PV&reference=20041028&secondRef=TOC,BUDG,Budget,,vote: resolution (as a whole),,0,RCV,+,455,66,6,0
80,5,1,28/10/2004,Result of the referendum and elections in Belarus,RSP,Non,Joint motion for a resolution (as a whole),s,0,http://www.europarl.europa.eu/sides/getDoc.do?language=EN&type=PV&reference=20041028&secondRef=TOC,0,Foreign & security policy,,vote: resolution (as a whole),,0,RCV,+,449,20,22,0
81,5,1,28/10/2004,Naval sonars,RSP,Non,Motion for a resolution,s,0,http://www.europarl.europa.eu/sides/getDoc.do?language=EN&type=PV&reference=20041028&secondRef=TOC,ENVI,Environment & public health,,§ 3,1,PPE-DE,RCV,-,206,259,15,0
82,5,2,28/10/2004,Naval sonars,RSP,Non,Motion for a resolution (as a whole),s,0,http://www.europarl.europa.eu/sides/getDoc.do?language=EN&type=PV&reference=20041028&secondRef=TOC,ENVI,Environment & public health,,vote: resolution (as a whole),,0,RCV,+,441,15,14,0
83,5,1,28/10/2004,Iran,RSP,Non,Joint motion for a resolution (as a whole),s,0,http://www.europarl.europa.eu/sides/getDoc.do?language=EN&type=PV&reference=20041028&secondRef=TOC,0,Foreign & security policy,,vote: resolution (as a whole),,0,RCV,+,105,0,6,0
84,6,1,17/11/2004,Seed produced in third countries,CNS *,Leg,"Proposal for a Council directive, single vote",s,Joseph Daul,http://www.europarl.europa.eu/sides/getDoc.do?language=EN&type=PV&reference=20041117&secondRef=TOC,AGRI,Agriculture,,single vote,,0,RCV,+,559,15,4,0
85,6,1,17/11/2004,ARGO programme,CNS *,Leg,"Proposal for a Council decision, single vote",s,Martine Roure,http://www.europarl.europa.eu/sides/getDoc.do?language=EN&type=PV&reference=20041117&secondRef=TOC,LIBE,"Civil liberties, justice & home affairs",,single vote,,0,RCV,+,572,72,7,0
86,6,1,17/11/2004,Instrument of financial support (Cyprus),CNS *,Leg,Proposal for a Council regulation,s,Mechtild Rothe,http://www.europarl.europa.eu/sides/getDoc.do?language=EN&type=PV&reference=20041117&secondRef=TOC,AFET,Foreign & security policy,,vote: legislative resolution,,0,RCV,+,618,39,24,0
87,6,1,17/11/2004,Arms exports,INI,Non,Motion for a resolution,s,Raül Romeva i Rueda,http://www.europarl.europa.eu/sides/getDoc.do?language=EN&type=PV&reference=20041117&secondRef=TOC,AFET,Foreign & security policy,,§ 40,9D,PPE-DE,RCV,+,400,250,32,0
88,6,1,17/11/2004,ALTHEA mission in Bosnia and Herzegovina,RSP,Non,Motion for a resolution,s,0,http://www.europarl.europa.eu/sides/getDoc.do?language=EN&type=PV&reference=20041117&secondRef=TOC,AFET,Foreign & security policy,,Recital A,8,PPE-DE,RCV,+,507,75,102,0
89,6,1,17/11/2004,Climate change,RSP,Non,Motion for a resolution,s,0,http://www.europarl.europa.eu/sides/getDoc.do?language=EN&type=PV&reference=20041117&secondRef=TOC,ENVI,Environment & public health,,§ 12,,0,RCV,+,639,19,24,0
90,6,2,17/11/2004,Climate change,RSP,Non,Motion for a resolution,s,0,http://www.europarl.europa.eu/sides/getDoc.do?language=EN&type=PV&reference=20041117&secondRef=TOC,ENVI,Environment & public health,,vote: resolution (as a whole),,0,RCV,+,640,22,21,0
91,6,1,17/11/2004,Situation in Cuba,RSP,Non,Joint motion for a resolution,s,0,http://www.europarl.europa.eu/sides/getDoc.do?language=EN&type=PV&reference=20041117&secondRef=TOC,0,Foreign & security policy,,Recital B,,0,RCV,-,252,413,18,0
92,6,2,17/11/2004,Situation in Cuba,RSP,Non,Joint motion for a resolution,s,0,http://www.europarl.europa.eu/sides/getDoc.do?language=EN&type=PV&reference=20041117&secondRef=TOC,0,Foreign & security policy,,Recital D,,0,RCV,-,247,400,35,0
93,6,3,17/11/2004,Situation in Cuba,RSP,Non,Joint motion for a resolution,s,0,http://www.europarl.europa.eu/sides/getDoc.do?language=EN&type=PV&reference=20041117&secondRef=TOC,0,Foreign & security policy,,Recital F,,0,RCV,-,240,436,10,0
94,6,4,17/11/2004,Situation in Cuba,RSP,Non,Joint motion for a resolution,s,0,http://www.europarl.europa.eu/sides/getDoc.do?language=EN&type=PV&reference=20041117&secondRef=TOC,0,Foreign & security policy,,Recital G,,0,RCV,-,224,434,22,0
95,6,5,17/11/2004,Situation in Cuba,RSP,Non,Joint motion for a resolution (as a whole),s,0,http://www.europarl.europa.eu/sides/getDoc.do?language=EN&type=PV&reference=20041117&secondRef=TOC,0,Foreign & security policy,,vote: resolution (as a whole),,0,RCV,-,260,405,19,0
96,6,6,17/11/2004,Situation in Cuba,RSP,Non,Motion for resolution,s,0,http://www.europarl.europa.eu/sides/getDoc.do?language=EN&type=PV&reference=20041117&secondRef=TOC,0,Foreign & security policy,,§ 6,1D,"ALDE, UEN",RCV,-,279,391,16,0
97,6,7,17/11/2004,Situation in Cuba,RSP,Non,Motion for resolution (as a whole),s,0,http://www.europarl.europa.eu/sides/getDoc.do?language=EN&type=PV&reference=20041117&secondRef=TOC,0,Foreign & security policy,,vote: resolution (as a whole),,,RCV,+,376,281,26,0
98,6,1,17/11/2004,"European Council meeting (Brussels, 4-5 November 2004)",RSP,Non,Joint motion for a resolution,s,0,http://www.europarl.europa.eu/sides/getDoc.do?language=EN&type=PV&reference=20041117&secondRef=TOC,0,Constitutional and inter-institutional affairs,,After § 11,3,GUE/NGL,RCV,-,304,360,15,0
99,6,2,17/11/2004,"European Council meeting (Brussels, 4-5 November 2004)",RSP,Non,Joint motion for a resolution,s,0,http://www.europarl.europa.eu/sides/getDoc.do?language=EN&type=PV&reference=20041117&secondRef=TOC,0,Constitutional and inter-institutional affairs,,After § 11,5,GUE/NGL,RCV,-,244,409,24,0
100,6,3,17/11/2004,"European Council meeting (Brussels, 4-5 November 2004)",RSP,Non,Joint motion for a resolution,s,0,http://www.europarl.europa.eu/sides/getDoc.do?language=EN&type=PV&reference=20041117&secondRef=TOC,0,Constitutional and inter-institutional affairs,,After § 34,14,ALDE,RCV,+,625,23,25,0
101,7,1,18/11/2004,Election of the Commission,NOM,Non,Joint motion for a resolution (as a whole),s,0,http://www.europarl.europa.eu/sides/getDoc.do?language=EN&type=PV&reference=20041118&secondRef=TOC,0,Constitutional and inter-institutional affairs,,vote: resolution (as a whole),,0,RCV,+,478,84,98,0
102,7,2,18/11/2004,Election of the Commission,NOM,Non,Draft decision (as a whole),s,0,http://www.europarl.europa.eu/sides/getDoc.do?language=EN&type=PV&reference=20041118&secondRef=TOC,0,Constitutional and inter-institutional affairs,,vote: decision (as a whole),,0,RCV,+,449,149,82,0
103,7,1,18/11/2004,European Ombudsman - annual report for 2003,INI,Non,Motion for resolution (as a whole),s,Proinsias De Rossa,http://www.europarl.europa.eu/sides/getDoc.do?language=EN&type=PV&reference=20041118&secondRef=TOC,PETI,Petitions,,vote: resolution (as a whole),,0,RCV,+,530,9,20,0
104,7,1,18/11/2004,Tibet (case of Tenzin Delek Rinpoche),RSP,Non,Joint motion for a resolution (as a whole),s,0,http://www.europarl.europa.eu/sides/getDoc.do?language=EN&type=PV&reference=20041118&secondRef=TOC,0,Foreign & security policy,,vote: resolution (as a whole),,0,RCV,+,104,1,3,0
105,8,1,1/12/2004,Change to the agenda,,Non,,,,http://www.europarl.europa.eu/sides/getDoc.do?type=PV&reference=20041201&secondRef=TOC&language=EN,,Internal regulations of the EP,,Change to the agenda,,,RCV,-,104,130,22,0
106,9,1,2/12/2004,EC-Monaco Agreement (taxation of savings income),CNS,Leg,"Proposal for a Council decision, single vote",s,Jean-Paul Gauzès,http://www.europarl.europa.eu/sides/getDoc.do?language=EN&type=PV&reference=20041202&secondRef=TOC,ECON,Economics,,single vote,,0,RCV,+,449,12,40,0
107,9,1,2/12/2004,EU citizens' passports,CNS,Leg,Draft legislative resolution (as a whole),s,Carlos Coelho,http://www.europarl.europa.eu/sides/getDoc.do?language=EN&type=PV&reference=20041202&secondRef=TOC,LIBE,"Civil liberties, justice & home affairs",,vote: legislative resolution (as a whole),,0,RCV,+,471,118,6,0
108,9,1,2/12/2004,Financial perspectives,RSP,Non,Motion for resolution (as a whole),s,0,http://www.europarl.europa.eu/sides/getDoc.do?language=EN&type=PV&reference=20041202&secondRef=TOC,Temporary Committee,Economics,,After § 1,1,GUE/NGL,RCV,-,81,500,11,0
109,9,2,2/12/2004,Financial perspectives,RSP,Non,Motion for resolution (as a whole),s,0,http://www.europarl.europa.eu/sides/getDoc.do?language=EN&type=PV&reference=20041202&secondRef=TOC,Temporary Committee,Economics,,vote: resolution (as a whole),,0,RCV,+,499,67,39,0
110,10,1,14/12/2004,Support for rural development,CNS,Leg,"Proposal for a Council decision, single vote",s,Joseph Daul,http://www.europarl.europa.eu/sides/getDoc.do?language=EN&type=PV&reference=20041214&secondRef=TOC,AGRI,Agriculture,,single vote,,0,RCV,+,603,20,16,0
111,11,1,15/12/2004,Turkey's progress towards accession,INI,Non,Motion for a resolution,s,Camiel Eurlings,http://www.europarl.europa.eu/sides/getDoc.do?type=PV&reference=20041215&secondRef=TOC&language=EN,AFET,Foreign & security policy,,§ 1,41,IND/DEM,RCV,-,70,593,36,0
112,11,2,15/12/2004,Turkey's progress towards accession,INI,Non,Motion for a resolution,s,Camiel Eurlings,http://www.europarl.europa.eu/sides/getDoc.do?type=PV&reference=20041215&secondRef=TOC&language=EN,AFET,Foreign & security policy,,After § 1,42,IND/DEM,RCV,-,64,608,28,0
113,11,3,15/12/2004,Turkey's progress towards accession,INI,Non,Motion for a resolution,s,Camiel Eurlings,http://www.europarl.europa.eu/sides/getDoc.do?type=PV&reference=20041215&secondRef=TOC&language=EN,AFET,Foreign & security policy,,After § 1,43,IND/DEM,RCV,-,47,625,25,0
114,11,4,15/12/2004,Turkey's progress towards accession,INI,Non,Motion for a resolution,s,Camiel Eurlings,http://www.europarl.europa.eu/sides/getDoc.do?type=PV&reference=20041215&secondRef=TOC&language=EN,AFET,Foreign & security policy,,§ 5,6,Mr TOUBON,RCV,-,270,393,34,0
115,11,5,15/12/2004,Turkey's progress towards accession,INI,Non,Motion for a resolution,s,Camiel Eurlings,http://www.europarl.europa.eu/sides/getDoc.do?type=PV&reference=20041215&secondRef=TOC&language=EN,AFET,Foreign & security policy,,After § 7,25,GUE/NGL,RCV,-,270,375,50,0
116,11,6,15/12/2004,Turkey's progress towards accession,INI,Non,Motion for a resolution,s,Camiel Eurlings,http://www.europarl.europa.eu/sides/getDoc.do?type=PV&reference=20041215&secondRef=TOC&language=EN,AFET,Foreign & security policy,,After § 19,28,GUE/NGL,RCV,+,360,248,82,0
117,11,7,15/12/2004,Turkey's progress towards accession,INI,Non,Motion for a resolution,s,Camiel Eurlings,http://www.europarl.europa.eu/sides/getDoc.do?type=PV&reference=20041215&secondRef=TOC&language=EN,AFET,Foreign & security policy,,After § 27,45,IND/DEM,RCV,-,192,471,27,0
118,11,8,15/12/2004,Turkey's progress towards accession,INI,Non,Motion for a resolution,s,Camiel Eurlings,http://www.europarl.europa.eu/sides/getDoc.do?type=PV&reference=20041215&secondRef=TOC&language=EN,AFET,Foreign & security policy,,After § 27,46/rev,IND/DEM,RCV,-,103,551,38,0
119,11,9,15/12/2004,Turkey's progress towards accession,INI,Non,Motion for a resolution,s,Camiel Eurlings,http://www.europarl.europa.eu/sides/getDoc.do?type=PV&reference=20041215&secondRef=TOC&language=EN,AFET,Foreign & security policy,,After § 27,47,IND/DEM,RCV,-,235,407,49,0
120,11,10,15/12/2004,Turkey's progress towards accession,INI,Non,Motion for a resolution,s,Camiel Eurlings,http://www.europarl.europa.eu/sides/getDoc.do?type=PV&reference=20041215&secondRef=TOC&language=EN,AFET,Foreign & security policy,,After § 34,18,GUE/NGL,RCV,+,395,213,78,0
121,11,11,15/12/2004,Turkey's progress towards accession,INI,Non,Motion for a resolution,s,Camiel Eurlings,http://www.europarl.europa.eu/sides/getDoc.do?type=PV&reference=20041215&secondRef=TOC&language=EN,AFET,Foreign & security policy,,After § 35,83,"Mr TOUBON
and others",RCV,+,332,325,16,0
122,11,12,15/12/2004,Turkey's progress towards accession,INI,Non,Motion for a resolution,s,Camiel Eurlings,http://www.europarl.europa.eu/sides/getDoc.do?type=PV&reference=20041215&secondRef=TOC&language=EN,AFET,Foreign & security policy,,§ 38,5,"Mr TOUBON
and others",RCV,-,272,378,34,0
123,11,13,15/12/2004,Turkey's progress towards accession,INI,Non,Motion for a resolution,s,Camiel Eurlings,http://www.europarl.europa.eu/sides/getDoc.do?type=PV&reference=20041215&secondRef=TOC&language=EN,AFET,Foreign & security policy,,§ 38,48,IND/DEM,RCV,-,129,531,19,0
124,11,14,15/12/2004,Turkey's progress towards accession,INI,Non,Motion for a resolution,s,Camiel Eurlings,http://www.europarl.europa.eu/sides/getDoc.do?type=PV&reference=20041215&secondRef=TOC&language=EN,AFET,Foreign & security policy,,§ 38,32,GUE/NGL,RCV,-,128,517,49,0
125,11,15,15/12/2004,Turkey's progress towards accession,INI,Non,Motion for a resolution,s,Camiel Eurlings,http://www.europarl.europa.eu/sides/getDoc.do?type=PV&reference=20041215&secondRef=TOC&language=EN,AFET,Foreign & security policy,,After § 38,20,GUE/NGL,RCV,-,165,490,32,0
126,11,16,15/12/2004,Turkey's progress towards accession,INI,Non,Motion for a resolution,s,Camiel Eurlings,http://www.europarl.europa.eu/sides/getDoc.do?type=PV&reference=20041215&secondRef=TOC&language=EN,AFET,Foreign & security policy,,§ 40,21,GUE/NGL,RCV,-,85,548,25,0
127,11,17,15/12/2004,Turkey's progress towards accession,INI,Non,Motion for a resolution,s,Camiel Eurlings,http://www.europarl.europa.eu/sides/getDoc.do?type=PV&reference=20041215&secondRef=TOC&language=EN,AFET,Foreign & security policy,,After § 41,61,IND/DEM,RCV,-,108,576,13,0
128,11,18,15/12/2004,Turkey's progress towards accession,INI,Non,Motion for a resolution,s,Camiel Eurlings,http://www.europarl.europa.eu/sides/getDoc.do?type=PV&reference=20041215&secondRef=TOC&language=EN,AFET,Foreign & security policy,,§ 42,,0,RCV,+,498,137,38,0
129,11,19,15/12/2004,Turkey's progress towards accession,INI,Non,Motion for a resolution,s,Camiel Eurlings,http://www.europarl.europa.eu/sides/getDoc.do?type=PV&reference=20041215&secondRef=TOC&language=EN,AFET,Foreign & security policy,,§ 44,7,"Mr TOUBON
and others",RCV,-,252,407,34,0
130,11,20,15/12/2004,Turkey's progress towards accession,INI,Non,Motion for a resolution,s,Camiel Eurlings,http://www.europarl.europa.eu/sides/getDoc.do?type=PV&reference=20041215&secondRef=TOC&language=EN,AFET,Foreign & security policy,1,After § 53,78,"Mr BROK
and others",RCV,+,481,167,38,0
131,11,21,15/12/2004,Turkey's progress towards accession,INI,Non,Motion for a resolution,s,Camiel Eurlings,http://www.europarl.europa.eu/sides/getDoc.do?type=PV&reference=20041215&secondRef=TOC&language=EN,AFET,Foreign & security policy,2,After § 53,78,"Mr BROK
and others",RCV,-,225,447,17,0
132,11,22,15/12/2004,Turkey's progress towards accession,INI,Non,Motion for a resolution,s,Camiel Eurlings,http://www.europarl.europa.eu/sides/getDoc.do?type=PV&reference=20041215&secondRef=TOC&language=EN,AFET,Foreign & security policy,,After § 54,51,IND/DEM,RCV,-,68,606,9,0
133,11,23,15/12/2004,Turkey's progress towards accession,INI,Non,Motion for a resolution,s,Camiel Eurlings,http://www.europarl.europa.eu/sides/getDoc.do?type=PV&reference=20041215&secondRef=TOC&language=EN,AFET,Foreign & security policy,,§ 55,74,Verts/ALE,RCV,-,76,594,16,0
134,11,24,15/12/2004,Turkey's progress towards accession,INI,Non,Motion for a resolution,s,Camiel Eurlings,http://www.europarl.europa.eu/sides/getDoc.do?type=PV&reference=20041215&secondRef=TOC&language=EN,AFET,Foreign & security policy,,After § 55,65,"Mr POSSELT
and others",RCV,-,227,451,13,0
135,11,25,15/12/2004,Turkey's progress towards accession,INI,Non,Motion for a resolution,s,Camiel Eurlings,http://www.europarl.europa.eu/sides/getDoc.do?type=PV&reference=20041215&secondRef=TOC&language=EN,AFET,Foreign & security policy,,After § 55,68,"Mrs DE
SARNEZ
and others",RCV,-,210,438,33,0
136,11,26,15/12/2004,Turkey's progress towards accession,INI,Non,Motion for a resolution,s,Camiel Eurlings,http://www.europarl.europa.eu/sides/getDoc.do?type=PV&reference=20041215&secondRef=TOC&language=EN,AFET,Foreign & security policy,,§ 58,76,"Mrs STENZEL
and others",RCV,-,199,455,25,0
137,11,27,15/12/2004,Turkey's progress towards accession,INI,Non,Motion for a resolution,s,Camiel Eurlings,http://www.europarl.europa.eu/sides/getDoc.do?type=PV&reference=20041215&secondRef=TOC&language=EN,AFET,Foreign & security policy,,§ 58,52,IND/DEM,RCV,-,87,588,20,0
138,11,28,15/12/2004,Turkey's progress towards accession,INI,Non,Motion for a resolution,s,Camiel Eurlings,http://www.europarl.europa.eu/sides/getDoc.do?type=PV&reference=20041215&secondRef=TOC&language=EN,AFET,Foreign & security policy,,§ 58,77,"Mr BROK
and others",RCV,-,230,446,19,0
139,11,29,15/12/2004,Turkey's progress towards accession,INI,Non,Motion for a resolution,s,Camiel Eurlings,http://www.europarl.europa.eu/sides/getDoc.do?type=PV&reference=20041215&secondRef=TOC&language=EN,AFET,Foreign & security policy,,§ 59,53,IND/DEM,RCV,-,155,514,24,0
140,11,30,15/12/2004,Turkey's progress towards accession,INI,Non,Motion for a resolution,s,Camiel Eurlings,http://www.europarl.europa.eu/sides/getDoc.do?type=PV&reference=20041215&secondRef=TOC&language=EN,AFET,Foreign & security policy,,§ 59,75,Greens/ALE,RCV,-,72,578,40,0
141,11,31,15/12/2004,Turkey's progress towards accession,INI,Non,Motion for a resolution,s,Camiel Eurlings,http://www.europarl.europa.eu/sides/getDoc.do?type=PV&reference=20041215&secondRef=TOC&language=EN,AFET,Foreign & security policy,,After § 59,16,"Mr LANGEN
and others",RCV,-,175,486,28,0
142,11,32,15/12/2004,Turkey's progress towards accession,INI,Non,Motion for a resolution,s,Camiel Eurlings,http://www.europarl.europa.eu/sides/getDoc.do?type=PV&reference=20041215&secondRef=TOC&language=EN,AFET,Foreign & security policy,,After § 59,15/rev,"Mr GAHLER
and others",RCV,-,165,489,38,0
143,11,33,15/12/2004,Turkey's progress towards accession,INI,Non,Motion for a resolution,s,Camiel Eurlings,http://www.europarl.europa.eu/sides/getDoc.do?type=PV&reference=20041215&secondRef=TOC&language=EN,AFET,Foreign & security policy,,After § 59,13,"Mr EBNER
and others",RCV,-,217,436,36,0
144,11,34,15/12/2004,Turkey's progress towards accession,INI,Non,Motion for a resolution,s,Camiel Eurlings,http://www.europarl.europa.eu/sides/getDoc.do?type=PV&reference=20041215&secondRef=TOC&language=EN,AFET,Foreign & security policy,,§ 60,84D,"Mr
MORILLON
and others",RCV,-,234,436,18,0
145,11,35,15/12/2004,Turkey's progress towards accession,INI,Non,Motion for a resolution,s,Camiel Eurlings,http://www.europarl.europa.eu/sides/getDoc.do?type=PV&reference=20041215&secondRef=TOC&language=EN,AFET,Foreign & security policy,,§ 60,54,IND/DEM,RCV,-,177,497,22,0
146,11,36,15/12/2004,Turkey's progress towards accession,INI,Non,Motion for a resolution,s,Camiel Eurlings,http://www.europarl.europa.eu/sides/getDoc.do?type=PV&reference=20041215&secondRef=TOC&language=EN,AFET,Foreign & security policy,,§ 60,66,"Mr POSSELT
and others",RCV,-,240,432,20,0
147,11,37,15/12/2004,Turkey's progress towards accession,INI,Non,Motion for a resolution,s,Camiel Eurlings,http://www.europarl.europa.eu/sides/getDoc.do?type=PV&reference=20041215&secondRef=TOC&language=EN,AFET,Foreign & security policy,,After recital E,34,IND/DEM,RCV,-,243,408,41,0
148,11,38,15/12/2004,Turkey's progress towards accession,INI,Non,Motion for a resolution,s,Camiel Eurlings,http://www.europarl.europa.eu/sides/getDoc.do?type=PV&reference=20041215&secondRef=TOC&language=EN,AFET,Foreign & security policy,,After recital F,9,"Mr TOUBON
and others",RCV,-,258,409,28,0
149,11,39,15/12/2004,Turkey's progress towards accession,INI,Non,Motion for a resolution,s,Camiel Eurlings,http://www.europarl.europa.eu/sides/getDoc.do?type=PV&reference=20041215&secondRef=TOC&language=EN,AFET,Foreign & security policy,,After recital Y,70,Verts/ALE,RCV,+,456,192,44,0
150,11,40,15/12/2004,Turkey's progress towards accession,INI,Non,Motion for a resolution,s,Camiel Eurlings,http://www.europarl.europa.eu/sides/getDoc.do?type=PV&reference=20041215&secondRef=TOC&language=EN,AFET,Foreign & security policy,,After recital EE,38,IND/DEM,RCV,-,158,450,85,0
151,11,41,15/12/2004,Turkey's progress towards accession,INI,Non,Motion for a resolution,s,Camiel Eurlings,http://www.europarl.europa.eu/sides/getDoc.do?type=PV&reference=20041215&secondRef=TOC&language=EN,AFET,Foreign & security policy,,After recital EE,80,"Mr POIGNANT
and others",RCV,+,470,198,24,0
152,11,42,15/12/2004,Turkey's progress towards accession,INI,Non,Motion for a resolution,s,Camiel Eurlings,http://www.europarl.europa.eu/sides/getDoc.do?type=PV&reference=20041215&secondRef=TOC&language=EN,AFET,Foreign & security policy,,Recital FF,82D,"Mr TOUBON
and others",RCV,-,244,420,27,0
153,11,43,15/12/2004,Turkey's progress towards accession,INI,Non,Motion for a resolution,s,Camiel Eurlings,http://www.europarl.europa.eu/sides/getDoc.do?type=PV&reference=20041215&secondRef=TOC&language=EN,AFET,Foreign & security policy,,After recital GG,40,IND/DEM,RCV,-,122,520,33,0
154,11,1,15/12/2004,EU-Russia Summit,RSP,Non,Joint motion for a resolution (as a whole),s,0,http://www.europarl.europa.eu/sides/getDoc.do?type=PV&reference=20041215&secondRef=TOC&language=EN,0,Foreign & security policy,,vote: resolution (as a whole),,0,RCV,+,547,30,10,0
155,11,1,15/12/2004,Asylum procedure and protection in regions of origin,INI,Non,Motion for a resolution,s,Jean Lambert,http://www.europarl.europa.eu/sides/getDoc.do?type=PV&reference=20041215&secondRef=TOC&language=EN,LIBE,"Civil liberties, justice & home affairs",,§ 12,§,0,RCV,+,499,104,11,0
156,11,2,15/12/2004,Asylum procedure and protection in regions of origin,INI,Non,Motion for a resolution,s,Jean Lambert,http://www.europarl.europa.eu/sides/getDoc.do?type=PV&reference=20041215&secondRef=TOC&language=EN,LIBE,"Civil liberties, justice & home affairs",,§ 15,3,GUE/NGL,RCV,+,312,289,15,0
157,11,3,15/12/2004,Asylum procedure and protection in regions of origin,INI,Non,Motion for a resolution,s,Jean Lambert,http://www.europarl.europa.eu/sides/getDoc.do?type=PV&reference=20041215&secondRef=TOC&language=EN,LIBE,"Civil liberties, justice & home affairs",,§ 17,4,GUE/NGL,RCV,+,316,281,15,0
158,11,1,15/12/2004,EU drugs strategy (2005-2012),INI,Non,Proposal for a recommendation of the European Parliament to the Council,s,Giusto Catania,http://www.europarl.europa.eu/sides/getDoc.do?type=PV&reference=20041215&secondRef=TOC&language=EN,LIBE,"Civil liberties, justice & home affairs",,"§ 1, point m)",4D,IND/DEM,RCV,-,253,301,14,0
159,11,2,15/12/2004,EU drugs strategy (2005-2012),INI,Non,Proposal for a recommendation of the European Parliament to the Council,s,Giusto Catania,http://www.europarl.europa.eu/sides/getDoc.do?type=PV&reference=20041215&secondRef=TOC&language=EN,LIBE,"Civil liberties, justice & home affairs",,"§ 1, point q)",,,RCV,+,517,50,17,0
160,11,3,15/12/2004,EU drugs strategy (2005-2012),INI,Non,Proposal for a recommendation of the European Parliament to the Council,s,Giusto Catania,http://www.europarl.europa.eu/sides/getDoc.do?type=PV&reference=20041215&secondRef=TOC&language=EN,LIBE,"Civil liberties, justice & home affairs",1,"§ 1, point w)",,0,RCV,+,526,28,18,0
161,11,4,15/12/2004,EU drugs strategy (2005-2012),INI,Non,Proposal for a recommendation of the European Parliament to the Council,s,Giusto Catania,http://www.europarl.europa.eu/sides/getDoc.do?type=PV&reference=20041215&secondRef=TOC&language=EN,LIBE,"Civil liberties, justice & home affairs",2,"§ 1, point w)",,0,RCV,+,284,280,12,0
162,11,5,15/12/2004,EU drugs strategy (2005-2012),INI,Non,Proposal for a recommendation of the European Parliament to the Council,s,Giusto Catania,http://www.europarl.europa.eu/sides/getDoc.do?type=PV&reference=20041215&secondRef=TOC&language=EN,LIBE,"Civil liberties, justice & home affairs",,"§ 1, point x)",5D,IND/DEM,RCV,-,112,462,16,0
163,11,6,15/12/2004,EU drugs strategy (2005-2012),INI,Non,Proposal for a recommendation of the European Parliament to the Council,s,Giusto Catania,http://www.europarl.europa.eu/sides/getDoc.do?type=PV&reference=20041215&secondRef=TOC&language=EN,LIBE,"Civil liberties, justice & home affairs",,"§ 1, point ac)",§,0,RCV,+,489,62,10,0
164,11,7,15/12/2004,EU drugs strategy (2005-2012),INI,Non,Proposal for a recommendation of the European Parliament to the Council,s,Giusto Catania,http://www.europarl.europa.eu/sides/getDoc.do?type=PV&reference=20041215&secondRef=TOC&language=EN,LIBE,"Civil liberties, justice & home affairs",,Recital A,,0,RCV,+,518,62,8,0
165,11,8,15/12/2004,EU drugs strategy (2005-2012),INI,Non,Proposal for a recommendation (as a whole),s,Giusto Catania,http://www.europarl.europa.eu/sides/getDoc.do?type=PV&reference=20041215&secondRef=TOC&language=EN,LIBE,"Civil liberties, justice & home affairs",,vote: recommendation (as a whole),,,RCV,+,285,273,23,0
166,12,1,16/12/2004,Rejection of the draft general budget for 2005,BUD,Bud,Motion for a resolution: rejection of the draft general budget for 2005,q,0,http://www.europarl.europa.eu/sides/getDoc.do?type=PV&reference=20041216&secondRef=TOC&language=EN,0,Budget,,vote: rejecting proposal,,0,RCV,-,52,496,1,0
167,12,1,16/12/2004,"2005 draft general budget, modified by the Council ",BUD,Bud,"2005 draft general budget, modified by the Council",q,Salvador Garriga Polledo and Anne Elisabet Jensen,http://www.europarl.europa.eu/sides/getDoc.do?type=PV&reference=20041216&secondRef=TOC&language=EN,BUDG,Budget,,04 02 01,21,0,RCV,-,43,523,7,0
168,12,2,16/12/2004,"2005 draft general budget, modified by the Council ",BUD,Bud,"2005 draft general budget, modified by the Council",q,Salvador Garriga Polledo and Anne Elisabet Jensen,http://www.europarl.europa.eu/sides/getDoc.do?type=PV&reference=20041216&secondRef=TOC&language=EN,BUDG,Budget,,01 02 04,3,0,RCV,+,457,112,4,0
169,12,3,16/12/2004,"2005 draft general budget, modified by the Council ",BUD,Bud,"2005 draft general budget, modified by the Council",q,Salvador Garriga Polledo and Anne Elisabet Jensen,http://www.europarl.europa.eu/sides/getDoc.do?type=PV&reference=20041216&secondRef=TOC&language=EN,BUDG,Budget,,04 03 03 01,33,0,RCV,+,495,76,5,0
170,12,4,16/12/2004,"2005 draft general budget, modified by the Council ",BUD,Bud,"2005 draft general budget, modified by the Council",q,Salvador Garriga Polledo and Anne Elisabet Jensen,http://www.europarl.europa.eu/sides/getDoc.do?type=PV&reference=20041216&secondRef=TOC&language=EN,BUDG,Budget,,04 03 03 02,313,0,RCV,+,496,81,3,0
171,12,5,16/12/2004,"2005 draft general budget, modified by the Council ",BUD,Bud,"2005 draft general budget, modified by the Council",q,Salvador Garriga Polledo and Anne Elisabet Jensen,http://www.europarl.europa.eu/sides/getDoc.do?type=PV&reference=20041216&secondRef=TOC&language=EN,BUDG,Budget,,15 06 01 03,124,0,RCV,+,464,84,25,0
172,12,6,16/12/2004,"2005 draft general budget, modified by the Council ",BUD,Bud,"2005 draft general budget, modified by the Council",q,Salvador Garriga Polledo and Anne Elisabet Jensen,http://www.europarl.europa.eu/sides/getDoc.do?type=PV&reference=20041216&secondRef=TOC&language=EN,BUDG,Budget,3,15 06 06,127,0,RCV,-,365,173,44,0
173,12,7,16/12/2004,"2005 draft general budget, modified by the Council ",BUD,Bud,"2005 draft general budget, modified by the Council",q,Salvador Garriga Polledo and Anne Elisabet Jensen,http://www.europarl.europa.eu/sides/getDoc.do?type=PV&reference=20041216&secondRef=TOC&language=EN,BUDG,Budget,,18 08 01,164,0,RCV,+,462,113,5,0
174,12,8,16/12/2004,"2005 draft general budget, modified by the Council ",BUD,Bud,"2005 draft general budget, modified by the Council",q,Salvador Garriga Polledo and Anne Elisabet Jensen,http://www.europarl.europa.eu/sides/getDoc.do?type=PV&reference=20041216&secondRef=TOC&language=EN,BUDG,Budget,,19 08 03,193,0,RCV,+,506,51,14,0
175,12,9,16/12/2004,"2005 draft general budget, modified by the Council ",BUD,Bud,"2005 draft general budget, modified by the Council",q,Salvador Garriga Polledo and Anne Elisabet Jensen,http://www.europarl.europa.eu/sides/getDoc.do?type=PV&reference=20041216&secondRef=TOC&language=EN,BUDG,Budget,,22 02 04 01,240,0,RCV,+,458,74,49,0
176,12,10,16/12/2004,"2005 draft general budget, modified by the Council ",BUD,Bud,"2005 draft general budget, modified by the Council",q,Salvador Garriga Polledo and Anne Elisabet Jensen,http://www.europarl.europa.eu/sides/getDoc.do?type=PV&reference=20041216&secondRef=TOC&language=EN,BUDG,Budget,,22 04 01,247,0,RCV,+,464,115,7,0
177,12,11,16/12/2004,"2005 draft general budget, modified by the Council ",BUD,Bud,"2005 draft general budget, modified by the Council",q,Salvador Garriga Polledo and Anne Elisabet Jensen,http://www.europarl.europa.eu/sides/getDoc.do?type=PV&reference=20041216&secondRef=TOC&language=EN,BUDG,Budget,,19 04 03,182,0,RCV,-,45,531,16,0
178,12,12,16/12/2004,"2005 draft general budget, modified by the Council ",BUD,Bud,"2005 draft general budget, modified by the Council",q,Salvador Garriga Polledo and Anne Elisabet Jensen,http://www.europarl.europa.eu/sides/getDoc.do?type=PV&reference=20041216&secondRef=TOC&language=EN,BUDG,Budget,,11,290,0,RCV,+,500,77,12,0
179,12,13,16/12/2004,"2005 draft general budget, modified by the Council ",BUD,Bud,"2005 draft general budget, modified by the Council",q,Salvador Garriga Polledo and Anne Elisabet Jensen,http://www.europarl.europa.eu/sides/getDoc.do?type=PV&reference=20041216&secondRef=TOC&language=EN,BUDG,Budget,,1891,291,0,RCV,+,523,52,14,0
180,12,14,16/12/2004,"2005 draft general budget, modified by the Council ",BUD,Bud,"2005 draft general budget, modified by the Council",q,Salvador Garriga Polledo and Anne Elisabet Jensen,http://www.europarl.europa.eu/sides/getDoc.do?type=PV&reference=20041216&secondRef=TOC&language=EN,BUDG,Budget,,11,293,0,RCV,+,507,78,6,0
181,12,15,16/12/2004,"2005 draft general budget, modified by the Council ",BUD,Bud,"2005 draft general budget, modified by the Council",q,Salvador Garriga Polledo and Anne Elisabet Jensen,http://www.europarl.europa.eu/sides/getDoc.do?type=PV&reference=20041216&secondRef=TOC&language=EN,BUDG,Budget,,1891,294,0,RCV,+,524,55,10,0
182,12,1,16/12/2004,"2006 draft general budget, modified by the Council (all sections)",BUD,Bud,"2005 draft general budget, modified by the Council (all sections)",q,Salvador Garriga Polledo and Anne Elisabet Jensen,http://www.europarl.europa.eu/sides/getDoc.do?type=PV&reference=20041216&secondRef=TOC&language=EN,BUDG,Budget,,After § 24,3,IND/DEM,RCV,-,156,400,27,0
183,12,2,16/12/2004,"2006 draft general budget, modified by the Council (all sections)",BUD,Bud,"2005 draft general budget, modified by the Council (all sections), resolution (as a whole)",q,Salvador Garriga Polledo and Anne Elisabet Jensen,http://www.europarl.europa.eu/sides/getDoc.do?type=PV&reference=20041216&secondRef=TOC&language=EN,BUDG,Budget,,vote: resolution (as a whole),,0,RCV,+,477,106,5,0
184,12,1,16/12/2004,Application of Article 251 of the EC Treaty,CNS,Leg,"Draft decision of the Council, single vote",s,Jean-Louis Bourlanges,http://www.europarl.europa.eu/sides/getDoc.do?type=PV&reference=20041216&secondRef=TOC&language=EN,LIBE,"Civil liberties, justice & home affairs",,single vote,,0,RCV,+,502,62,20,0
185,12,1,16/12/2004,Extension of the Community action programme in the field of civil protection,CNS,Leg,Proposal for a Council decision,s,Dimitrios Papadimoulis,http://www.europarl.europa.eu/sides/getDoc.do?type=PV&reference=20041216&secondRef=TOC&language=EN,ENVI,Environment & public health,,vote: legislative resolution,,0,RCV,+,562,16,7,0
186,12,1,16/12/2004,Protection of deep-water coral reefs in certain areas of the Atlantic ocean,CNS,Leg,Proposal for a Council regulation,s,Sérgio Ribeiro,http://www.europarl.europa.eu/sides/getDoc.do?type=PV&reference=20041216&secondRef=TOC&language=EN,PECH,Fisheries,1,art 30,7,GUE/NGL,RCV,+,376,170,27,0
187,12,2,16/12/2004,Protection of deep-water coral reefs in certain areas of the Atlantic ocean,CNS,Leg,Proposal for a Council regulation,s,Sérgio Ribeiro,http://www.europarl.europa.eu/sides/getDoc.do?type=PV&reference=20041216&secondRef=TOC&language=EN,PECH,Fisheries,2,art 30,7,GUE/NGL,RCV,-,148,405,18,0
188,12,3,16/12/2004,Protection of deep-water coral reefs in certain areas of the Atlantic ocean,CNS,Leg,Proposal for a Council regulation,s,Sérgio Ribeiro,http://www.europarl.europa.eu/sides/getDoc.do?type=PV&reference=20041216&secondRef=TOC&language=EN,PECH,Fisheries,,rec 5,6,GUE/NGL,RCV,-,206,359,18,0
189,12,4,16/12/2004,Protection of deep-water coral reefs in certain areas of the Atlantic ocean,CNS,Leg,Amended proposal for a Council regulation,s,Sérgio Ribeiro,http://www.europarl.europa.eu/sides/getDoc.do?type=PV&reference=20041216&secondRef=TOC&language=EN,PECH,Fisheries,,vote: amended proposal,,0,RCV,+,556,10,9,0
190,12,5,16/12/2004,Protection of deep-water coral reefs in certain areas of the Atlantic ocean,CNS,Non,Proposal for a Council regulation: legislative resolution,s,Sérgio Ribeiro,http://www.europarl.europa.eu/sides/getDoc.do?type=PV&reference=20041216&secondRef=TOC&language=EN,PECH,Fisheries,,vote: legislative resolution,,0,RCV,+,564,8,6,0
191,12,1,16/12/2004,Strategic political orientations,RSP,Non,Motions for a resolution,s,0,http://www.europarl.europa.eu/sides/getDoc.do?type=PV&reference=20041216&secondRef=TOC&language=EN,0,Constitutional and inter-institutional affairs,,After § 1,2,Verts/ALE,RCV,-,85,320,26,0
192,12,2,16/12/2004,Strategic political orientations,RSP,Non,Motions for a resolution,s,0,http://www.europarl.europa.eu/sides/getDoc.do?type=PV&reference=20041216&secondRef=TOC&language=EN,0,Constitutional and inter-institutional affairs,,After § 1,3,Verts/ALE,RCV,-,93,300,39,0
193,12,3,16/12/2004,Strategic political orientations,RSP,Non,Motions for a resolution,s,0,http://www.europarl.europa.eu/sides/getDoc.do?type=PV&reference=20041216&secondRef=TOC&language=EN,0,Constitutional and inter-institutional affairs,,After § 5,5,Verts/ALE,RCV,-,89,320,26,0
194,12,4,16/12/2004,Strategic political orientations,RSP,Non,Motions for a resolution,s,0,http://www.europarl.europa.eu/sides/getDoc.do?type=PV&reference=20041216&secondRef=TOC&language=EN,0,Constitutional and inter-institutional affairs,,After § 9,6,Verts/ALE,RCV,-,126,312,20,0
195,12,5,16/12/2004,Strategic political orientations,RSP,Non,Motions for a resolution,s,0,http://www.europarl.europa.eu/sides/getDoc.do?type=PV&reference=20041216&secondRef=TOC&language=EN,0,Constitutional and inter-institutional affairs,,After § 11,7,Verts/ALE,RCV,-,83,322,28,0
196,12,6,16/12/2004,Strategic political orientations,RSP,Non,Motions for a resolution,s,0,http://www.europarl.europa.eu/sides/getDoc.do?type=PV&reference=20041216&secondRef=TOC&language=EN,0,Constitutional and inter-institutional affairs,,After § 26,9,Verts/ALE,RCV,-,78,320,26,0
197,12,7,16/12/2004,Strategic political orientations,RSP,Non,Motions for a resolution (as a whole),s,0,http://www.europarl.europa.eu/sides/getDoc.do?type=PV&reference=20041216&secondRef=TOC&language=EN,0,Constitutional and inter-institutional affairs,,vote: resolution (as a whole),,0,RCV,+,284,154,17,0
198,12,1,16/12/2004,Bulgaria's progress towards accession,INI,Non,Motion for a resolution,s,Geoffrey Van Orden,http://www.europarl.europa.eu/sides/getDoc.do?type=PV&reference=20041216&secondRef=TOC&language=EN,AFET,Foreign & security policy,2,§ 5,§,0,RCV,+,498,26,30,0
199,12,2,16/12/2004,Bulgaria's progress towards accession,INI,Non,Motion for a resolution (as a whole),s,Geoffrey Van Orden,http://www.europarl.europa.eu/sides/getDoc.do?type=PV&reference=20041216&secondRef=TOC&language=EN,AFET,Foreign & security policy,,vote: resolution (as a whole),,0,RCV,+,527,19,21,0
200,12,1,16/12/2004,Romania's progress towards accession,INI,Non,Motion for a resolution,s,MOSCOVICI,http://www.europarl.europa.eu/sides/getDoc.do?type=PV&reference=20041216&secondRef=TOC&language=EN,AFET,Foreign & security policy,,§ 1,8,"Mr GAHLER
and others",RCV,-,106,406,22,0
201,12,2,16/12/2004,Romania's progress towards accession,INI,Non,Motion for a resolution,s,MOSCOVICI,http://www.europarl.europa.eu/sides/getDoc.do?type=PV&reference=20041216&secondRef=TOC&language=EN,AFET,Foreign & security policy,,§ 1,25,"Mrs HENNISPLASCHAERT
and others",RCV,-,113,414,28,0
202,12,3,16/12/2004,Romania's progress towards accession,INI,Non,Motion for a resolution,s,MOSCOVICI,http://www.europarl.europa.eu/sides/getDoc.do?type=PV&reference=20041216&secondRef=TOC&language=EN,AFET,Foreign & security policy,1,§ 1,17,Verts/ALE,RCV,-,218,320,17,0
203,12,4,16/12/2004,Romania's progress towards accession,INI,Non,Motion for a resolution,s,MOSCOVICI,http://www.europarl.europa.eu/sides/getDoc.do?type=PV&reference=20041216&secondRef=TOC&language=EN,AFET,Foreign & security policy,2,§ 1,17,Verts/ALE,RCV,-,144,389,20,0
204,12,5,16/12/2004,Romania's progress towards accession,INI,Non,Motion for a resolution,s,MOSCOVICI,http://www.europarl.europa.eu/sides/getDoc.do?type=PV&reference=20041216&secondRef=TOC&language=EN,AFET,Foreign & security policy,3,§ 1,17,Verts/ALE,RCV,-,141,388,18,0
205,12,6,16/12/2004,Romania's progress towards accession,INI,Non,Motion for a resolution,s,MOSCOVICI,http://www.europarl.europa.eu/sides/getDoc.do?type=PV&reference=20041216&secondRef=TOC&language=EN,AFET,Foreign & security policy,,§ 32,6,ALDE,RCV,-,205,329,16,0
206,12,7,16/12/2004,Romania's progress towards accession,INI,Non,Motion for a resolution,s,MOSCOVICI,http://www.europarl.europa.eu/sides/getDoc.do?type=PV&reference=20041216&secondRef=TOC&language=EN,AFET,Foreign & security policy,,After § 38,22,Verts/ALE,RCV,-,162,355,20,0
207,12,8,16/12/2004,Romania's progress towards accession,INI,Non,Motion for a resolution,s,MOSCOVICI,http://www.europarl.europa.eu/sides/getDoc.do?type=PV&reference=20041216&secondRef=TOC&language=EN,AFET,Foreign & security policy,,After § 39,24,Verts/ALE,RCV,-,135,380,18,0
208,12,1,16/12/2004,Zimbabwe,RSP,Non,Motions for a resolution (as a whole),s,0,http://www.europarl.europa.eu/sides/getDoc.do?type=PV&reference=20041216&secondRef=TOC&language=EN,0,Foreign & security policy,,vote: resolution (as a whole),,0,RCV,+,76,0,1,0
